Devanagari,Romanization,Language,Root ,Grammatical Form,Definition
आह,āh,Sanskrit,√ah (आह्),Verb Root (Parasmaipada),"To say, speak, declare; to utter or proclaim."
अहन्य,ahanya,Sanskrit,"a- (अ, “not”) + han (√हन्, “to kill, destroy”)",Adjective,Indestructible; not to be killed or destroyed
अह्नौ,ahnau,Sanskrit,ahán (अहन्),"Noun (neuter, dual case form)","Two days; the dual form of “day” (ahan), referring to a pair of days."
ऐ,ai,Sanskrit,ai,Particle / Interjection,"A particle of addressing; used to call attention, expression of remembrance"
अजौ,ajau,Sanskrit,अज (aja),Nominative/Accusative Dual (noun),The two unborn; the two eternal/uncreated ones
अजिरः,ajiraḥ,Sanskrit,"√अज् (aj, “to move swiftly”)",Masculine noun,"Snake priest; also swift, agile; name of a serpent-priest."
अमुकौ,amukau,Sanskrit,From amuka,Dual nominative/accusative/vocative (masc.),The two certain ones; those two so-and-so’s.
अन्धात्,andhāt,Sanskrit,अन्ध (andha),Ablative singular (masc./neut.),from the blind one; from blindness
अन्दु,andu,Sanskrit,√and,feminine noun,chain; fetter; bond; ankle ornament; elephant foot-chain
अङ्गौ,aṅgau,Sanskrit,अङ्ग (aṅga),Dual masculine (Nom./Voc./Acc.),"two limbs, parts, or departments"
अङ्घो,aṅgho,Sanskrit,—,Interjection / Expletive,"exclamation expressing anger or grief -ah!, alas!, ugh!"
अङ्गून्,aṅgūn,Sanskrit,अङ्गु (aṅgu),Accusative Plural (Masculine),the hands; the limbs; the birds
अनिन,anina,Sanskrit,अन- (an-) + इन- (ina),adjective (m/f/n),"without a master or lord; feeble, weak"
अन्तिकौ,antikau,Sanskrit,antika (अन्तिक),Nominative / Accusative Dual of Masculine Noun,The two nearnesses; the two proximities; the two who are near/close.
अनुकैः,anukaiḥ,Sanskrit,अनुक (anuka),Instrumental plural (m./f./n. adjective used substantively),"By, with, or through the desirous ones, greedy ones, lustful ones"
अन्यन्,anyan,Sanskrit,"From अन्य (anya, “other, different, another”)",Adjective / Pronoun (declined form),"Other, another, different, someone else."
अन्यौ,anyau,Sanskrit,अन्य (anya),Dual Nominative / Accusative,Two others; both others
अर्,ar,Sanskrit,√ṛ,Verb Root (dhātu),"To attain, to go, to praise, to acquire"
अरर,arara,Sanskrit,—,Noun / Indeclinable,"A door, a covering, a sheath, the sheath of a bamboo shoot, an awl, a part of a sacrifice, war, fighting; Indeclinable — a vocative particle expressing haste."
अय्,ay,Sanskrit,√i (इ),"verbal root, 1st class (Ātmanepada; occasionally Parasmaipada)",To go; to move; to proceed; to go toward
अय,aya,Sanskrit,√i (to go),adjective / masculine noun,going; moving; course; path; motion; good fortune; luck; die (gaming cube); move (chess); number four
अया,ayā,Sanskrit,pronominal base (idam),indeclinable / instrumental form,thus; in this manner
आय,āya,Sanskrit,"ā-√i (to come, approach)",masculine noun,"arrival; approach; coming into being; origin; source; income; revenue; gain; profit; means/source (e.g. channels of income); eleventh house (jyotiṣa, house of gains; Aquarius when counted from Aries); die; number four; guard of women’s apartments; origination (philosophical)"
आया,āyā,Sanskrit,"ā-√yā (to go, come)",verb (Parasmaipada),to come; arrive; approach; reach; attain; enter into a state
अयर,ayara,Prakrit,अजर (ajara),Adjective / Descriptive,"Ageless, imperishable, undecaying"
अये,aye,Sanskrit,√अय् (from √इ),"verb, present tense (लट्), 1st person singular, Ātmanepada",I go; I proceed; I move
अयिन्,ayin,Sanskrit,—,Adjectival suffix form (only in compounds),"Occurring only in compounds; forming adjectives such as “going beyond,” “following,” etc."
आयिन्,āyin,Sanskrit (Vedic),√āya (आय),Adjective (m/f/n),Coming near; approaching; hastening toward; driving close
आयिन्,āyin,Sanskrit,āya,"Adjective (m./f./n., Vedic)","Coming near, approaching, hastening toward"
अयो,ayo,Sanskrit,अयस् (ayas),"Noun (neuter, stem)","Metal, iron; sometimes “strength” or “weapon” by extension"
अयु,ayu,Sanskrit / Prakrit,"√i / √yu (to live, vital force)",noun (collective / primordial),mankind; human race; the first man; living humanity
बाई,bai,Marathi,बाई (bāī),Noun (Honorific),"A respectful term for mother, lady, or elder woman."
बाई,baii,Prakrit,inherited feminine title (no Sanskrit verbal root),Feminine noun; vocative/emphatic form,"lady, woman, matron; Mother; respectful form of address (“O Mother!”)"
बाईने,bāīne,Marathi,बाई (bāī),Instrumental Singular (Feminine),by the lady; by the mother; by the respected woman
बक,baka,Sanskrit,—,Masculine Noun (a-stem),"crane, heron; hypocrite, cheat, rogue; name of a demon; name/title (Kubera, ṛṣi, etc.)"
बनौ,banau,Sanskrit,बाण (bāṇa),Dual form (nominative / accusative / vocative),Two arrows.
बण्डे,baṇḍe,Sanskrit (Prakrit-influenced),बण्ड (baṇḍa),Locative singular (masc./neut.),In the maimed; in the crippled; in the defective or broken one
बन्धक,bandhaka,Sanskrit,"√बन्ध् (bandh, “to bind, seize”)",Masculine noun,One who binds; a captor; a catcher; a seizer.
बन्धौ,bandhau,Sanskrit,√bandh,Noun – Dual (Nom./Acc.),Two bonds / Two pledges
बन्दी,bandī,Sanskrit,"√bandh (बन्ध्) – to bind, restrain",Noun (Feminine),"Female prisoner, captive woman"
बाणि,bāṇi,Sanskrit,√vaṇ / baṇ (to speak),Feminine noun,"Speech, discourse, the goddess of speech (Vāṇī / Sarasvatī)"
बाणी,bāṇī,Sanskrit,√vaṇ / baṇ (to speak),Feminine noun (variant form),"Speech, utterance, the goddess of speech"
बंका,baṅkā,Marathi,—,Masculine Noun,"chain of sentinels, guard"
बांक,bāṅka,Marathi,—,Masculine Noun,"bend, curvature; winding road; strife, discord; dagger; bench, form"
बांका,bāṅkā,Marathi,—,Adjective,"daring, bold, reckless, formidable"
बया,bayā,Marathi,—,Noun (feminine),A respectful term for a mother or elderly woman; also the weaver bird (Ploceus Philippensis).
बायाः,bāyāḥ,Sanskrit (Poetic/Archaic),"From बाया (bāyā, “mother, woman”)",Feminine noun — Nominative Plural,Mothers; women; a collective of maternal figures; ancestral or clan-mothers.
बायांनी,bāyānī,Marathi,"बाया (bāyā, “mother, woman”)","Noun (Feminine, Instrumental Plural)",By the mothers; by the women
बयन्ना,bayannā,Marathi,बाई (bāī),Dative / Accusative plural,to the women; to the mothers
बायांना,bāyānnā,Marathi,बाया (bāyā),Noun (Accusative/Dative Plural),"To/for the women, to/for the mothers"
भण्,bhaṇ,Sanskrit,"√bhāṇ (“to speak, say, call by name”)",Verb root (dhātu),"To speak; to utter; to call by name; to recite, to describe"
भाण्डक,bhāṇḍaka,Sanskrit,"भाण्ड (bhāṇḍa, “utensil, goods”)","Masculine noun (utensil), Neuter noun (goods)","A small vessel, cup, or utensil; merchandise, wares"
भाण्डिका,bhāṇḍikā,sanskrit,भाण्ड (bhāṇḍa),feminine noun,"a small vessel or implement; figuratively, an agent or servant; sometimes used for a scavenger bird by extension"
भाण्डिकम्,bhāṇḍikam,Sanskrit,"from bhāṇḍa (“vessel, tool”)",Accusative Singular (neuter),"the tool; the implement; figuratively, a vessel or agent; possibly a scavenger bird (like a crow) by extension."
भाण्डिकी,bhāṇḍikī,Sanskrit,bhāṇḍa (भाण्ड) ,Feminine noun (ī-stem),"A small vessel or implement; by extension a minor servant, helper, agent, or small scavenger bird."
भान्तौ,bhāntau,Sanskrit,√भाम् (bhām),Masculine Dual — Nom./Acc.,two “bhānta”; two thunderbolt-shaped or moon-like forms
भान्ते,bhānte,Sanskrit,√भा (bhā),"masculine noun, locative singular (-a stem)",in the shining one; in the radiant form; in the thunderbolt-shaped form (vajrarūpa); in the moon-form (candra)
भानु,bhānu,Sanskrit,√bhā (भा),Noun (Masculine),"Light; ray of light; the Sun, the shining one."
भानून्,bhānūn,Sanskrit,भानु (bhānu),Accusative Plural (Masculine),"the suns; lights; rays of light; masters; sovereigns, princes; beauties; days; bearers of the epithet Bhānu (Śiva)"
भौ,bhau,Sanskrit,"From √भा (bhā – to shine, to appear)",Noun (dual),Two shining ones; two luminaries; two stars (sometimes interpreted as Sun and Moon)
भाऊ,bhāū / bhau,Marathi,"From Sanskrit bhrātṛ (भ्रातृ, “brother”)",Noun (masculine),Brother; used both for elder and younger brothers. Also used as a respectful or affectionate address for a man.
भेंडी,bhēṇḍī,Marathi,—,feminine noun,"A disorder of the horse: an excrescence or swelling at the knee, producing suppuration and extending from the knee to the pastern."
भेंडी,bhēṇḍī,Marathi,—,feminine noun,"A tree of several species, including Hibiscus populneus and Thespesia populnea."
भेने,bhene,Sanskrit,भेन (bhena),Locative singular (masculine),in/on the sun; in the regent of an asterism
भेरी,bherī,Sanskrit,—,Noun (feminine ī-stem),"A large kettle drum or war drum, used in battle, festivals, and public announcements."
भिंडी,bhiṇḍī,Marathi,—,Noun (Feminine),A sling (corded weapon)
भिन्न,bhinn,Prakrit,√भिद् (bhid),"Past Participle (PPP), vowel-dropped form","split, broken, divided; separated; scattered, seduced, bribed"
भिन्न,bhinna,Prakrit (← Sanskrit),√bhid,past participle / adjective,"split, broken, divided, separated, distinct, different"
भो,bho,sanskrit,भोस् (bhos),particle / interjection,"a vocative particle of address; used to call or attract attention (e.g., “O!”, “Hey!”)"
भोग्य,bhogya,Sanskrit,"√भुज् (bhuj) — “to enjoy, partake of”",Adjective / noun (mfn); feminine भोग्या (bhogyā),"To be enjoyed or turned to one’s account; to be suffered or endured; profitable; an object of enjoyment, wealth, property, grain, or whore."
भोग्या,bhogyā,Sanskrit,"√भुज् (bhuj, “to enjoy, use”)",Feminine noun,"A harlot, courtesan; one who is enjoyed."
भोग्यौ,bhogyau,Sanskrit,"√bhuj (to enjoy, partake of)",Vocative dual / Accusative dual / Nominative dual,Two whores; literally “two to be enjoyed”
भोई,bhoi,Marathi,—,Noun,palanquin bearer; litter-carrier; professional carrier
भोको,bhoko,Sanskrit,√bhok (भो),Noun (Dual),"Hollowness, emptiness, a hole (dual form: two hollows/holes)"
भूण,bhrūṇa,Prakrit,From √bhū (“to be”),Noun (masculine a-stem),A being; creature; existent
भूकौ,bhūkau,Sanskrit,भूक (bhūka),Nominative / Accusative / Vocative dual (masculine),"Two cavities, two holes, two chasms; two springs; two times; two darknesses"
भुङ्,bhuṅ,Sanskrit (Vedic),— (ritual syllable),Indeclinable / chant syllable,"A ritual vocal sound inserted in specific Sāman chants for intonation or invocation; non-lexical, no standalone semantic meaning."
भुनुना,bhununā,Sanskrit,√भू (bhū),"Gerund (absolutive, -tvā / -nā suffix type)",having become; having been; after becoming
भूयः,bhūyaḥ / bhuyo,Sanskrit,√bhū (भू),Adverb,"More, again, further, once more; used to indicate repetition, intensification, or continuation"
भूयोऱौ,bhuyorau,Sanskrit,√bhū (भू),Adverb / Indeclinable,"More, again and again; repeatedly; furthermore. (dual nuance)"
बिन,bina,Marathi (← Skt.),विना (vinā),preposition / prefix,without; lacking; absent
बिन,bina,Marathi,—,nominal marker (genealogical),"son of (used in notes, lineage records)"
बिना,binā,Hindi / Urdu (loan),विना (vinā),preposition,without
बिन्दु,bindu,Sanskrit,"√bind (to drop, fall)",Noun (Masculine),"Drop, particle; dot, point, spot; zero; nasal dot (anusvāra); mark on the forehead between the eyebrows; subtle essence or seed; secondary incident in drama"
बू,bu,Marathi,—,Noun / Interjection,A word used to frighten children; hollow or vain display; pretence; bragging; used to intimidate or deter in the sense of scaring.
बुक्कउ,bukkau,sanskrit,बुक्क (bukka),masculine noun (dual),hearts; bosoms; blood; goats
बुन्द,bunda,Marathi,बिन्दु (bindu),Masculine / Neuter Noun,"drop, particle, small point; bottom, base, lower part; coffee-berry; excellent, superb, intensified quality"
बूंद,būnda,Marathi,बिन्दु (bindu),Masculine Noun,"drop, particle; coffee-berry"
बुन्दौ,bundau,Sanskrit,"√bund (बुन्द् “to discern, pierce”)",Masculine Noun (Dual),Two arrows; pair of arrows
बुङ्ग्,buṅg,Sanskrit,बुङ्ग् (vuṅg),"Verb Root (Class 1, Parasmaipada)","to forsake, abandon"
बुंत,bunta,Marathi,—,noun (f./m.),A cloak or scarf
बुराउ,Burau,Sanskrit,बुर (bura),Dual,Powdered sugar; sweet — poetically “doubly sweet” or “extra sweet”
च,ca,Sanskrit,—,adjective / noun,seedless; bad; vile; base; thief; tortoise; moon; one who eats/chews
कररे,carare,Sanskrit,carara,Locative singular,in the world; in the sky; in heaven; in the atmosphere
चौ,cau,Sanskrit (Prakritized),√ca (च),Noun (Dual / Desi),"Seedless, vile, defective; also: thief, morally corrupt or barren individual; dual form implies a pair of such people"
चोई,coi,Marathi,(Possibly from Sanskrit koṇa or śoci),Noun,"Edge, corner, tip (archaic/dialectal)"
कोइ,coi,Marathi,—,Noun,"Edge, corner, or tip."
चुण्,cun,Sanskrit,चुण् (cun),Verbal root,"To cut off, pierce, close, shrink, contract"
चूण्,cūṇ,Sanskrit,√cūṇ,Verb root (Class 1: cūṇayati),"To contract; to close; to shrink, to divide"
दा,da,Sanskrit,√dā	,Verb root (Class 3 P)	,"Gift, donation, giving, granting, producing"
ददत्,dadat,Sanskrit,√दा (dā),Present active participle (śatṛ),giving; one who gives; while giving
दह्,dah,Sanskrit,दह् (dah),Verb root,"To burn, to consume,
to torment, distress, pain"
दलौ,dalau,Sanskrit,दल (dala),Nominative / Accusative dual,two detachments of troops; two divisions or battalions
दातौ,dātau,Sanskrit,"√दा (dā, “to cut”)","adjective, masculine dual nominative/accusative (kta participle)",the two that are cut; the two that are divided
दत्त,datta,Sanskrit / Marathi,√dā (दा),Past Passive Participle,"Given, bestowed, assigned, handed over; appointed or designated (without implying completeness or irrevocability)."
दौ,dau,Sanskrit,दह (dah),Nominative / Accusative / Vocative Dual,"the two givers; or the two burners, depending on whether derived from √दा (to give) or √दह् (to burn)"
देह,deha,Prakrit,—,Noun,"Form, shape, bulk (as of a cloud)"
देहिन्,dehin,Sanskrit,√dih / देह्,Adjective/Noun,"Corporeal body, incarnate, embodied"
देखि,dekhi,Sanskrit (via Prakrit),√dṛś (दृश्),Absolutive / Noun-like participle,"Having seen, after seeing; a Prakrit or poetic form derived from Sanskrit dṛṣṭvā (दृष्ट्वा)"
देणे,deṇe,Prakrit,"From Sanskrit √दा (dā, to give)","Verb – Present tense, 3rd person singular",He/She/It gives.
डेरा,dera,Marathi,–,Noun,"Encampment, camp, tent; a temporary dwelling place"
देश,deśa,Sanskrit,दिश् (diś),Masculine noun,"Region, land, country, locality"
देशिन्,deśin,Sanskrit,√diś (दिश्),Noun – Agentive (-in),"Guide, instructor, one who shows/directs, pointing out, showing"
देऊन,deūn,Marathi,√dā (दा),Absolutive / Conjunctive Participle,Having given
देय,dey,Sanskrit,√dā (दा),Gerundive / Future Passive Participle,to be given / should be given
धा,dhā,Sanskrit,√dhā (धा),Verb Root,"To put, place, hold, bear, support, produce; to assume, to wear; to bestow."
धन्,dhan,Sanskrit,√dhan,"Verb Root (Class 1 P / 3 P, Vedic)","1) To sound, to thunder, to resound. 2) (Ved.) To bear fruit, to produce (grain, etc.). 3) (Ved.) To set in motion, impel, make run; also “to spring forth, flow.”"
धन,dhan,Sanskrit,√dhan (धन्),Verb root / Noun,"To sound, resound; to bear fruit, to produce, to yield"
धण्,dhaṇ,Sanskrit,√dhaṇ,Verb Root (Class 1 P),"To sound, to make a noise, to resound (cf. dhvan)."
धनुकौ,dhanukau,Sanskrit,धानु (dhanu – “bow”) + -ka,"Masculine noun, dual (nominative/accusative/vocative)",Two archers; two who possess bows
धारुण,dhāruṇ,Sanskrit / Marathi,"√dhṛ (धृ, to hold, support) + -uṇa",Adjective (masculine singular),Harsh; severe; cruel; dreadful; formidable.
धारुणे,dhāruṇe,Sanskrit / Marathi,"√dhṛ (धृ, to hold, support) + -uṇa",Adjective (neuter plural nominative/accusative or vocative singular in Sanskrit; plural/neuter agreement in Marathi),Harsh; severe; cruel; dreadful; formidable (used with neuter plural nouns or as a vocative).
धात,dhāta,Marathi,dhātu,Feminine noun,semen; generative essence
धौ,dhau,Sanskrit,ढ (ḍha),Noun (dual),"Two serpents; also an imitative sound, a large drum, a dog’s tail, or a dog."
ढौ,ḍhau,Sanskrit,— (from ḍha),"Noun (Masculine, Dual)",Two serpents; two dogs; two dog’s tails; two large drums; two imitative sounds
धौकौ,dhaukau,Sanskrit,√dhauk (धौक्),"Noun (Dual, Nom./Acc./Voc.)","Two shakes, two blows, two pushes, or two leaps."
ढौकौ,ḍhaukau,Sanskrit,"√ḍhauk (ढौक्, “to go, move”)","Noun/Adjective (Dual, Nom./Acc./Voc.)","Two moving ones, two goers."
धय,dhaya,Prakrit,ध्वज (dhvaja),Noun,"Banner, flag, ensign; by extension, mark, emblem; also used metaphorically for “eminent one, ornament of a family/lineage.”"
धेडे,dhede,Marathi,धेडा (dhēḍā),"Plural noun
(masculine)","Ritual companion children; symbolic boys appointed to accompany the groom at weddings. Also used metaphorically to represent assistants, doubles, or junior participants in sacred or public rites."
धेडे,dhēḍe,Marathi,धेडा (dhēḍā),Direct (Nominative / Accusative) Plural (Masculine ā-stem noun),Ceremonial children appointed to accompany the bridegroom at marriages; pageboys (male) / flower girls (female)
धेज्ज,dhejja,Prakrit,"धेय (dheya, Sanskrit)",Noun,"To be held or taken; to be produced; to be nourished; to be applied or practiced; an object, aim, or goal"
धेन्ये,dhenye,Sanskrit / Prakrit,धेनु (dhenu / dhēnū),Dual (nom./acc./voc.),Two rivers
धो,dho,Sanskrit,√धू (dhū),Verb form (Present or Imperative),Shake; agitate; move; blow
धोडौ,dhoḍau,Sanskrit,√dhū + ḍa,nominative / accusative / vocative dual,the two water-snakes
धू,dhu,Sanskrit,√धू (dhū),Verb Root,"To shake, agitate, stir up; to shake off; to blow (as wind or breath); to scatter; to cause to move."
धूकौ,dhūkau,Sanskrit,धूक (dhūka),"Noun (Dual, Nom.)","Two winds, two rogues, or two times."
धुन्,dhun,Sanskrit,धुन्,√verb root (1P/10A),"to shake, agitate, move, toss; to drive away or dispel (as doubts or impurities); to vibrate or resonate; also figuratively, to purify by agitation"
धुण,dhuna,Prakrit,√dhun (धुन्),Verb Root / Past Participle,"Shaken, agitated; afflicted by thirst or heat."
धुण,dhuṇa,Prakrit,√dhū (धू),Noun (masculine)/ imperative 2nd sg.,"Shaking, trembling, agitation; disturbance or motion caused by shaking; by extension, unrest or inner stirring, to remove, throw off, resist, oppose"
धुनौ,dhunau,Sanskrit,√dhun (धुन्),"Verb – 3rd person dual, present tense","The two shake, agitate, disturb to drive it away"
धुर्,dhur,Sanskrit,√dhur / √dhṛ (धुर्/धृ),Noun (feminine),"The yoke-end, pole-end, or central piece to which the yoke is attached; also the load or burden carried. Figuratively: a chief role, responsibility, or obligation."
ध्यान,dhyāna,Sanskrit / Marathi,√ध्यै (dhyai),Neuter noun,"Meditation, contemplation, reflection, mind, apprehension, understanding, attention, heed, regard, memory, remembrance, awareness, presence of senses, liking, approval, inclination, form, figure, appearance, iconographic representation of a deity, poetic description of a deity’s form, crazy person (colloquial), mischievous child (colloquial)"
ध्यानिन्,dhyāyin,Sanskrit,dhyai (√ध्यै),Present Participle / Adjective,One who meditates; absorbed in meditation
दि,di,Sanskrit (Vedic),—,Dual ending (morphological),Dual grammatical marker used in certain Vedic noun forms
दी,dī,Sanskrit,√दी,Verb Root,To decay; to waste away; to perish
दिढी,diḍhī,Marathi,dīḍha,Noun (fem.),a quantity counted as one and a half
दीदि,dīdi,Sanskrit,√dī,Verb base / Adjective,"Shine, gleam, be bright; bright, shining; to bestow by shining"
डिकी,ḍikī,Sanskrit,"— (onomatopoetic, from ḍik/ḍikā “small winged insect”)",Feminine noun,A very small gnat or tiny winged insect
दिन,dina,Sanskrit,"√div (to shine, be bright)",Masculine noun,A day; the period of one rotation of the earth (24 hours); also denotes daytime or the span of sunlight
दीण,dīṇa,Prakrit,From Sanskrit दीन (dīna),Adjective,Humble; wretched; lowly; pitiable.
दोच्चो,docco,Prakrit,docca (from Skt. Dvitīya / Dautya),Masculine Nominative Singular,"The second one; envoy, messenger"
दोणो,dono,Prakrit,doṇa (Sanskrit),Noun – Singular (Nominative),"Vessel, container, or clumsy one"
दोनॊ,dono,Prakrit,"from daṇa (noun, “horse”; cf. Sanskrit aśva)",Dual Genitive / Nominative,of the two horses; the two horses
दृ,dṛ,Sanskrit,√दृ (dṛ),Root (verb),to respect; to honour; to hurt; to fear
दॄ,dṝ,Sanskrit,√दॄ (dṝ),Root (verb),to divide; to split; to tear; to fear
दूजा,duja,Marathi (Sanskrit-derived),द्वितीय (dvitīya),Adjective,second; another; different; a counterpart or one of a pair
दूनौ,dūnau,Sanskrit,√dun (दुन्),Verb Root (Parasmaipada) – dual form,"Pained, afflicted, fatigued; to cause pain or distress."
दूतौ,dūtau,Sanskrit,√dū (दू),"Noun (Masculine, Dual — Nom./Acc./Voc.)",Two messengers; a pair of emissaries.
द्विक,dvika,Sanskrit,dvi (“two”) + ka (“-ka” affix),Adjective / Masculine noun,two-fold; forming a pair; second; occurring the second time; increased by two (two percent); a crow; a chakravāka / ruddy goose
ए,e,Sanskrit,"From ā + √i (“to go, approach”)",Verb / Interjection / Noun,"To come, approach, attain; interjection of remembering, calling, censure, compassion (ha!, ah!, hey!); a name of Viṣṇu; also denotes the number kharva; the 11th vowel of the alphabet."
ए,e,Sanskrit,—,Interjection,"an exclamation of contempt, reproof, or calling attention (“hey!”, “ugh!”, “alas!”)"
एण,eṇa,Prakrit,From Sanskrit eṇa / enena,Noun / Pronoun (instrumental),"Antelope, deer; by him, with him, through it."
एणे,eṇe,Sanskrit,एण (eṇa),Noun – Locative Singular,"“In the antelope” or “upon the antelope”; locative singular of eṇa (antelope, gazelle). Symbolically associated with swiftness, grace, or illusion in Vedic and poetic usage."
एनेने,enene,Prakrit,idam (इदम्),Instrumental Singular (variant),"By him, with him (poetic or phonological variation)"
एनेय,eneya,Sanskrit,"एन (ena) — “antelope, deer”",Adjectival derivative,Deer-like; resembling or pertaining to a deer.
एनी,enī,Sanskrit,"From एता/eta (to go, flow)",Feminine Noun,"A river, flowing stream."
एणि,eṇi,Sanskrit,"From एण (eṇa, “black antelope”)",Feminine Noun,"A hind, doe; female black deer (antelope); sometimes extended to “poisonous insect.”"
एणी,eṇī,Sanskrit,"From एण (eṇa, “black antelope”)",Feminine Noun,"Female black deer; also a compound element (eṇī-jaṅgha = antelope-legged, one of the 32 lakṣaṇas of a mahāpuruṣa)."
एनो,eno,Sanskrit,From enas (एनस्),Noun (used in compounds),"Fault, sin, crime, guilt; often appears in compounds derived from enas."
इष्,es / iṣ,Sanskrit,√इष्,Verb Root (Parasmaipada),"To desire, seek, strive, creep, or hasten toward"
गंगा,gaṅgā,Marathi,√gam (to go),Feminine noun (ā-stem),The Ganges river; sacred river; personified goddess; consecrated water; any sacred stream; symbol of purity or merit
गहम्,geham,Sanskrit,गेह (Geha),Neuter noun,House; dwelling; home
गेय,gey,Marathi / Sanskrit,गै / गा (gai / gā),adjective (indeclinable),sung; meant to be sung; lauded; worthy of praise
घन्,ghan,Sanskrit,√घस् (ghas),Verb root (Parasmaipada),"To eat, consume, devour."
घण,ghaṇ,Sanskrit,√घण् (ghaṇ),Verb root (Parasmaipada),"To shine, glitter, or radiate light."
घाय,ghāy,Prakrit,√घा / √घात्,Verb / root form,"to strike, injure, kill"
घि,ghi,Prakrit,from Sanskrit ग्रीष्म (grīṣma),Adjective / noun,"Summer, hot, warm, oppressive heat, scorching"
घुघु,ghughu,Marathi,Imitative,Feminine Noun,hoot or cry of an owl or pigeon
घुघु,ghughu,Marathi,—,Adjective,"little, small, childish; feeble or undersized, immature"
गिहि,gihi,Prakrit,गृहिन् (gṛhin),Noun,possessing a house; master of a house; householder
अग्नि,gni (from agni),Sanskrit,√अग् (√ag),Noun / verbal root,Fire; kindling; burning; sacrificial flame
गुंग,gunga,Marathi,—,Adjective,Heavy; dull; stupid; senseless.
ह,ha,Sanskrit,—,Indeclinable particle (avyaya),"Emphatic particle meaning “indeed, truly,” often expletive in Vedic usage."
है,hai,Sanskrit,√hve (“to call”),Indeclinable particle (vocative / interjection),"a vocative particle; an interjection used in calling out or vociferating (“hey!”, “ho!”, “O!”)"
हय्,hay,Sanskrit,√hi (हि),1st Class Parasmaipada,"To go, to move, to worship, to sound, to be weary"
हय,haya / hay,Prakrit,Related to Sanskrit hata (हत) and haya (हय),Noun,"Horse, steed; also associated with “struck, destroyed.”"
हे,he,Sanskrit,—,Exclamatory Particle,Envy; ill-will; expression of malice or hostile calling-out; defiance
हेमन्,heman,Sanskrit,√hi (हि) + manin affix,Neuter noun,gold; water; snow; the thorn-apple plant; the Keśara/Nāgakeśara flower; winter; the planet Mercury
हेणे,hēṇe,Marathi,Prakrit heṇa,Verbal root (infinitive),to lean; to tilt; to bend; to droop; to incline
हेर,hera,Sanskrit,"— (possibly from √हृ hṛ, “to take, seize”)",Noun (neuter),"Crown, diadem, or head ornament; also denotes demoniacal illusion or deceptive splendor that captivates the mind—symbol of radiant yet illusory appearance."
हेय,hēya,Marathi,√hā (हा – to abandon),Gerundive adjective (to be + past passive participle sense),"To be left, abandoned, cast away; rejectable; to be avoided."
हेये,heye,Sanskrit,From √हि (heya),"Adjective / Noun, Locative Singular","In/with regard, concerning that which is to be avoided, rejected; vile, contemptible."
हि,hi,Sanskrit,—,Past participial / enclitic / root-derived,"indeed; surely; for; because, Forsaken, abandoned; also used as an enclitic emphasizing cause or certainty, left behind or cast off"
हिड्ड,Hiḍḍa,Sanskrit (Buddhist transmission),— (toponym),Proper noun (place name),"An Asian geographic location preserved in Buddhist Sanskrit sources; attested via Chinese phonetic transliteration 醯羅 (xī luó). Near modern Jalalabad, Afghanistan"
हियरा,hiyara,Prakrit,"From Skt. हृदय (hṛdaya, “heart”)",Neuter Noun,"Heart, mind, inner self; affection, compassion, seat of feeling"
हो,ho,Marathi/Prakrit,√भू (bhū) / hoṇe,Verb (3rd person),"To be, to become, is/was/were.
A vocative particle used in calling to a person or in challenging; also an interjection of surprise. Poetic/performative marker of closure or emphasis (possibly meaning and in certain circumstances)"
होका,hōkā,Marathi,—,Noun (Masculine),Mariner’s compass; navigational tool used at sea
हु,hu,Sanskrit,√hu,"verb (class 3, parasmaipada)",to offer; to sacrifice; to present an oblation (especially into fire); to perform a ritual offering; (extended usage) to eat
हू,hū,Sanskrit,—,indeclinable particle (avyaya),"interjection expressing pride, self-assertion, or boastful emphasis (also used contextually for contempt or emotional force)"
हुहू,huhu,Sanskrit,√hve (by anomalous formation),Masculine noun,a Gandharva; a celestial chorister
हुंकु,huku,Marathi,"Onomatopoetic root, expressing a short sound or vocal imitation",Noun / Interjection,a sound; a small utterance; to mimic or imitate a sound
हुम्,hum,Sanskrit,—,indeclinable particle,"expresses remembrance, doubt, assent, anger, aversion, reproach, interrogation; also used in spells/incantations"
हुम्,hum,Sanskrit,— (onomatopoetic),Indeclinable particle / interjection,"interjection expressing remembrance (“ah!”), doubt, assent (“yes”), interrogation (“hey?”), anger, aversion, reproach; also a mystical syllable used in spells and incantations"
हुं,huṃ,Sanskrit,hum,Indeclinable particle (phonetic variant),reduced or nasalized form of hum used especially in compounds and ritual or incantatory contexts
हूम्,hūm,Sanskrit,— (onomatopoetic),Indeclinable particle / interjection,"variant of hum; expresses doubt, interrogation, assent, anger, fear, reproach, aversion; also a magical or mystical monosyllable"
हुन्,hun,Sanskrit,√hu,"verbal form (restricted; optative stem, 3rd sg. hunet)","to sacrifice; to offer (attested only in potential/optative usage, ritual context)"
इ,i,Sanskrit,—,Vowel,"The vowel “i”; sound of approach, energy, or subtle invocation"
इड्,iḍ,Sanskrit,—,Feminine noun,"Offering, prayer, Earth, food, rainy season, or sacred speech (especially in Vedic rituals)."
इदा,Idā,Sanskrit,pronominal base i,indeclinable adverb,Now; at this moment
इड,Iḍa,Sanskrit,√iḍ,masculine noun,Epithet of Agni; Name of a king
इडा,Iḍā,Sanskrit,√iḍ,feminine noun,"Earth; Speech; Libation or sacrificial offering; Refreshment or nourishing draught; Food; Stream or flow of praise personified as a goddess; Cow; Goddess (daughter of Manu, wife of Budha, mother of Purūravas); Name of Durgā; Heaven; Vital channel or tubular vessel (nāḍī)"
ईडा,Īḍā,Sanskrit,√īḍ,feminine noun,Praise; Commendation
इह्,ih,Sanskrit,√इह् (ih),Verb Root (Parasmaipada / Ātmanepada),To wish; to desire; to attempt; to strive for.
इजनौ,ijanau,Sanskrit,√ij,"Noun, dual (nominative/accusative)",Two sacrificers; a pair of worshippers or priests performing sacrifice
इजारा,ijārā,Marathi,Arabic (إجارة ijārah),Noun,"A lease or contract;  a monopoly or exclusive right; a farmed item of revenue (tax lease);  colloquially, trousers or lower garment (rare regional usage)."
इज्ये,ijye,Sanskrit,√yaj (यज्),Locative singular (masc. noun इज्यः),in the worship-worthy one; upon the revered teacher; within the Supreme Being; in the honored authority
इज्ये,ijye,Sanskrit,√yaj (यज्),Nominative / Accusative / Vocative dual (fem. noun इज्या),the two sacrifices; the two acts of worship; the two offerings
ईळांना,īḷānnā,Marathi,ईळ (īḷa),dative plural,during the times; to the periods; to the while(s)
इमौ,Imau,Sanskrit,इदम् (idam),"Pronoun, Nominative Dual (Masc./Fem.)",These two (masc./fem.)
इन्,in / een,Sanskrit,√in (इन्),Noun / Verb root,"Lord, master; also: to rule over, to take possession of, to drive, to advance"
इन,ina,Sanskrit,√iṇ / √i,adjective; masculine noun,"able, strong, powerful, bold, glorious; a lord; the sun; a king; the lunar mansion Hasta"
इनम्,inam,Sanskrit,इन (ina),Accusative singular (masculine a-stem),The strong one; strength (as the object of an action).
इनौ,inau,Sanskrit,"इन (ina) – strong, powerful",Nominative / Accusative dual (masculine a-stem),The two strong ones; the pair of powerful beings (as subject or object).
इन्द्,ind,Sanskrit,√ind (इन्द्),Verb Root (Parasmaipada),"To be powerful, vigorous, active; to pour or drop (liquid)."
इन्दका,Indakā,Sanskrit,इन्दक (Indaka) — proper noun,Feminine noun,A king-star positioned overhead in the Mṛgaśīrṣa Nakṣatra (a governing star within that lunar mansion).
इन्ध,indha,Sanskrit,"√indh (to kindle, inflame, light)",Noun / Agentive,"Fuel; kindling; that which enflames or is enflamed (lightning, fire-starter)"
इन्धात्,indhāt,Sanskrit,indh (इन्ध्),Ablative singular of masculine noun indha,from the kindling one; from the lighting one; from fuel
इन्धौ,indhau,Sanskrit,√इन्ध्,"Masculine a-stem, Dual",the two kindlers; two igniters; the two who enflame
इन्धौकौ,Indhaukau,Sanskrit,Indhu (चन्द्र / moon) + -kau (dual/plural suffix),Compound noun,“Little moons” or “pair/small cluster of moons”
इन्धे,indhe,Sanskrit / Marathi,√इध् (idh),"Present tense, 3rd person singular, middle voice","It kindles, it lights, it burns; also it is kindled / it blazes"
इन्धेहि,indhehi,Prakrit,√indh (Skt. इन्ध्),"Verb (imperative, 2nd pl.) or Instrumental plural",ignite; kindle; set ablaze (you all) / by kindlings; by ignitions; through fire or activation
इन्धि,indhi,Sanskrit,इन्ध् (indh),Imperative — 2nd person singular,“Kindle! Ignite! Set alight!”
इन्दु,indu,Sanskrit,"√und / √ind (to moisten, to drop)",Masculine noun (u-stem),the moon; a drop (esp. Soma); bright spark; camphor; point on a die; designation of anusvāra; “one” (math.); night/moonlight
इने,ine,Sanskrit,√iṇ / ina,Locative Singular (m.),"In Ina, within the Lord, in the master"
इने,ine,Sanskrit,इना (Ina),Locative singular (a-stem noun),In/on the Sun
इङ्गनैः,iṅganaiḥ,Sanskrit,√इङ्ग् (iṅg),Instrumental plural (neuter noun इङ्गन),by means of movements; by shakings; through acts of motion or separation
इङ्गे,inge,Sanskrit,√इङ्ग् (iṅg),Verb (1st person singular Ātmanepada),I move; I go; I myself move
इङ्ग्ये,iṅgye,Sanskrit,√इङ्ग् (iṅg),Locative singular,in / on / at the movable; within that which moves or goes
ईनि,īni,Sanskrit,√in (इन्),Locative singular (masc. -in stem noun),in the Lord; upon the Lord; within the Lord; under the domain of the Lord
इनिनि,inini,Sanskrit,√in + -ini,Feminine noun (suffix -ini),Lady Lord; Female Master
ईङ्खये,īṅkhaye,Sanskrit,"iṅkh (to move, flow)",Locative singular (masc./neut.),In/on/at the moving one
ईङ्खये,īṅkhaye,Sanskrit,√ईङ्ख (īṅkh),Locative singular,in / on / at the moving; within that which flows or goes
इषय,iṣay,Sanskrit,इष् (iṣ),Verbal derivative,to be fresh; to be active; to be lively; to be eager
ईशिन्,īśin,Sanskrit,√ईश् (īś),Noun (masculine),"Lord, master, ruler, husband; one who rules, commands, or reigns"
इत्थिण,itthiṇa,Prakrit,from Sanskrit strī (woman),Feminine noun,Woman; female; lady
इयुन,iyun,Marathi,√जा (to go),Gerund / Absolutive (contracted form of जाऊन jāūn),having gone; after going; by going
ज,ja,Sanskrit,—,Masculine/Feminine/Neuter adjective or noun,"Born from; produced by; belonging to; masculine can mean father, progenitor; feminine jā = mother; also name of Śiva/Vishnu, light, speed, poison."
जा,jā,Sanskrit,—,Feminine noun,"Mother; also husband's brother's wife; by extension, a matron or female progenitor."
जडे,jaḍe,Sanskrit,जड (jaḍa),Locative singular (masculine/neuter),"In, at, or on the inert, lifeless, immobile, or unresponsive one; in the dulled, numb, or senseless being; in the speechless (mute, dumb) person; figuratively, in the mentally dull, foolish, or stupefied state; in that which is heavy, coarse, or without consciousness or activity."
जादुई,jāduī,Marathi,जादू (jādu) + -ई (-ī),Adjective,"Magical; pertaining to magic, sorcery, witchcraft."
जहिय,jahiya,Prakrit,√jah,Participial Noun,One who leaves / departs
जन्,jan,Sanskrit,√jan (जन्),verbal root (dhātu),to be born; to produce; to engender; to generate
जन,jana,Sanskrit,√jan (जन्),Noun (masculine),"Individual, living being, person; also used for people, tribe, race, or nation"
जनधा,janadhā,Sanskrit,जन (jana) + √धा (dhā),Adjective,"nourishing creatures, sustaining beings, one who sustains and nourishes creatures"
जनन,janana,Sanskrit,√जन् (jan),Noun / Verbal Noun,"Birth, race, family, lineage; the act of generating or giving rise to, appearance, manifestation."
जानान,jānāna,Sanskrit,"√ज्ञा (jñā, “to know”)",Present active participle,Knowing; understanding; wise
जननदा,jananadā,Sanskrit,"जनन (janana, birth, producing) + दा (dā, giver)",Compound noun (feminine),Birth-giver; one who gives birth; mother.
जनने,janane,Sanskrit,√जन् (jan),Locative singular (neuter a-stem),in birth; in generation; in the act of producing; in manifestation
जनि,jani,Sanskrit,√jan,Feminine noun (i-stem),"birth, creation, production, origin, life, existence, birthplace, woman, mother, wife, daughter-in-law, generative source; figuratively, the fingers; also a fragrant plant"
जनिन,janina,Sanskrit,"जन (jana) — “to produce, to be born, to be made”",Adjectival derivative,"Appropriate, suitable, or fit; proper by nature or origin."
जनिनैः,janinaiḥ,Sanskrit,जन (jana),Instrumental plural (masculine / neuter),"By, with, or through the suitable or fit (ones)."
जनुकौ,janukau,sanskrit,जनुक (januka),dual (nominative / accusative / vocative),"the two knees; poetically, the kneeling ones"
जरा,jarā,Sanskrit,√jṛ (जृ),Noun (feminine),"Old age, aging, decay; the process of withering"
जरद्,jarad,Sanskrit,√जॄ (jṝ) / √जॢ (jṛ),Past participial stem / adjective,old; aged; worn out by age
जरडा,jaraḍā,Marathi,From Skt. jarā (age),Masculine noun,Age; decay; used mainly in fixed phrases
जरडा,jaraḍā,Marathi,— (intensifier particle used with colors),Indeclinable particle (ind.),"A particle that intensifies color-words; e.g., pivaḷā-jarda “deep/dusky yellow,” tāmbaḍā-jarda “dark red,” also used with kāḷā, hiravā."
जरडे,jaraḍe,Sanskrit (Epic / Prakritized),√जरड (jaraḍ),"Locative singular, masculine ā-stem",in / on / among the worn one; in the defective one; in the feeble or defective one
जरडी,jaraḍī,Marathi,"From Sanskrit jarā (जरा “old age, decay”)",Noun (feminine),"An old, frail, or feeble woman."
जरत्,jarat,Sanskrit,"√जृ (jṛ) — “to wear out, decay, age”",Participle / Adjective,"Old, aged; worn out; decayed; one who has grown old."
जरतोः,jaratoḥ,Sanskrit,√जॄ (jṝ) / √जॢ (jṛ),Genitive / Locative Dual (adjectival stem जरद्),of two aged ones; in two aged ones
जरौ,jarau,Sanskrit,जरा (jarā),Dual nominative / accusative / vocative,two old ones; the two aged
जर्दौ,jardau,Sanskrit,जर्द (jarda),Nominative dual (masculine),"Two aged, decayed, or enfeebled ones; figuratively two weakened or withered beings."
जरजर,Jarjara,Sanskrit,√jṛ, Adjective,"Illness,shattered, decayed,  worn out"
जरो,jaro,Prakrit,√jar (जर्),Noun / Participle,"Old, aged, worn down; subject to decay or aging"
जाति,jāti,Sanskrit,√jan (to be born),feminine noun,birth; species; kind; class; caste; innate nature; type
जौ,jau,Sanskrit,jan (to be born),Masculine dual nominative/accusative,the two who are born from…; the two descended from… (dual form of jaḥ)
जे,jē,Marathi,—,Conjunction; vocative particle; pronoun (poetic),that; who; which; reverential address “O”
जेण,jeṇa,Prakrit,यतः (yataḥ),Indeclinable / conjunction,"Since, because."
जेणु,jenu,prakrit (from sanskrit madhu),मधु (madhu),neuter noun,honey
जेर,jera,Marathi,—,Noun / idiom,"To be overcome or subdued; often used for being taken ill or under the grip of disease; also means to be caught, trapped, or rendered powerless."
जेर,jēra,Marathi,— (from Persian/vernacular loan),Adjective,"Inferior, feebler, of less power or dignity; overcome, exhausted, enfeebled, or reduced by disease, poverty, etc.; opposite of jabaradasta (“strong, powerful”)."
जेरे,jere,Marathi,जेर (jera),Adjective / Derivative Noun,"Inferior, lower in rank or quality"
जेऱ्हा,jeṛhā (jēra),Marathi,From Persian zanjīr via Prakrit; older orthography,Masculine Noun,"1. Check, restraint, confinement; 2. Inferior, feebler, of less power or dignity; 3. Overcome by, subjected to, humbled"
झरोको,jharoko,Marathi,From Hindi/Urdu झरोखा < Pers. zarokha,Masculine Noun,"Small window, balcony, lattice opening; an outlook or viewpoint"
जिन,jina,Sanskrit,√ji (“to conquer”),Adjective / Noun,"Victorious, triumphant; very old; epithet of Viṣṇu; title of a Jaina Arhat or chief saint; a very old man"
जिण,jina / jiṇa,Prakrit,"From Sanskrit जिन (jina, “conqueror”) and related to जीर्ण (jīrṇa, “worn, old”)",Noun / Adjective,"A conqueror; especially an enlightened one in Jainism. Also means old, aged, worn out, very old."
जीर,Jīra,Sanskrit,जु (ju),Noun (masculine),A sword; a sacrificial knife or scimitar; also cumin seed or an atom.
जीराः,jīrāḥ,Sanskrit,From √ju (to go quickly) with -rak (Unadi affix),"Noun, masculine plural (nominative)","Swords; plural of jīra (a sword, scimitar, sacrificial knife)."
जिरौ,jirau,Sanskrit,"√jṛ (जॄ “to grow old, decay”)","Verb (Present, 2nd person dual, Parasmaipada)",You two decay; you two grow old.
जिरे,jire,Sanskrit,जिर (jira),Noun (Locative Singular),In the sword; upon the sword; at the sword
ज्ञान,jñāna,Sanskrit,√jñā (to know),Neuter a-stem noun,"Knowledge, learning, understanding; sacred/spiritual knowledge"
ज्ञानम्,jñānam,sanskrit,ज्ञा (jñā),neuter noun,knowledge; understanding; wisdom; awareness
ज्ञानिन्,jñānin,Sanskrit,"ज्ञान (jñāna, “knowledge”)",Adjective / masculine noun (in-stem),"Wise, intelligent; one who knows; a sage possessing spiritual knowledge; an astrologer or knower of future events; Mercury (the planet)"
जुन्,jun,Sanskrit,"√jun (to go, move)","Verb Root (Class 6, junati)","To go, to move; variant reading of √juḍ in some texts."
जून,jūna,Marathi,Sanskrit जिर्ण (jīrṇa),Adjective,"hardened; firm; ripened; figuratively confirmed or stiffened (in understanding or character), stubborn"
जुना,jūnā,Marathi,jūn,"Adjective, Masculine Nominative Singular","Hard or firm from maturity; fully mature; ripened, confirmed, stiffened, stubborn"
जुर्,jur,Sanskrit,√jur,Verb Root (Parasmaipada),"To injure, to do violence, to cause harm; to hurt, afflict. Used in Vedic and later texts in the sense of “violence, injury, wounding.”"
जुरः,juraḥ,Sanskrit,√jur (जुर्),Noun (Singular),"Injury, violent act"
जुरौ,jurau,Sanskrit,√jur (जुर्),Noun (Dual),"Injuries, violent acts (two instances)"
कदैरैः,kaderaiḥ,Sanskrit,"कडेर (Kaḍera, a country/people)","Noun (proper, masculine plural instrumental)",with or through the Kaḍeras; by means of the Kaḍeras (people of Kaḍera)
कै,kai,Sanskrit,√कै (kai),Verb Root,"To sound, to utter a tone or cry."
काञ्ची,kāñcī,Sanskrit,√कञ्च् / √कच् (to bind / shine),feminine noun,a woman’s girdle; ornamental waist-zone with bells
काञ्ची,kāñcī,Sanskrit,—,"proper noun, feminine",Kāñcī; ancient sacred city in South India (Kanchipuram)
काञ्ची,kāñcī,Sanskrit,—,feminine noun,guñjā plant (Abrus precatorius)
कौ,kau,Sanskrit,ka,"Pronoun, nominative/accusative/vocative dual","who two, which two"
कय,kaya,Prakrit,from Sanskrit काय (kāya),Noun (masculine),"Body, person, self; sometimes assembly or group (in certain Jain and Buddhist Prakrit contexts)."
काय,kāya,Sanskrit/Prakrit,√kā (का) / kāya (noun stem),Noun – Masculine,"Body, form, physical embodiment; also used for an assembly, group, or organized collective"
कयर,kayara,Prakrit,from Sanskrit karuṇa / kṛpaṇa,Adjective / Noun,"distressed; afflicted; miserable; pitiable; by extension, despised"
कायता,kāyata,Marathi,kāya (काय) + -ta,noun,"A member of the Kāyata (Kayastha) scribal class; one associated with writing, record-keeping, administration, or official documentation"
कये,kaye,Prakrit,कय (kaya) ← Skt. काय (kāya),Nominative dual,two bodies; two assemblies; a pair or joined group
काये,kāye,Sanskrit,काय (kāya),Locative Singular (masculine a-stem),in the body; within the body
कायेन,kāyena,Sanskrit,काय (kāya),Instrumental singular,by / with / through the body
कायिन्,kayin,Sanskrit,काय (kāya) — “body”,Adjectival derivative,Large-bodied; having a great or strong body.
केकय,Kekaya,Sanskrit,Proper noun,Masculine noun (kingdom / tribal name),Name of an ancient northwestern Kṣatriya (warrior) kingdom or tribe; politically allied with major epic lineages and later linked to the Solar Dynasty (Sūryavaṃśa) through the marriage of Kaikeyī to King Daśaratha in the Rāmāyaṇa.
केरय,keraya,Prakrit,प्रेरय (preraya) / प्रेरित (prerit),Past participle / adjective,"Connected, attached, inspired"
केयूर,keyura,Sanskrit,—,Noun (masculine/neuter),"An upper-arm bracelet or armlet; ornamental band worn on the upper arm, often in royal or divine iconography"
केयुरद,keyurada,Sanskrit,√dā (दा),Compound Noun,"Upper arm bracelet; -da as suffix means ""giver"" or ""bestower"" – thus, ""bestower of the armlet"" or ""one adorned with a keyura"""
ख,kha,Sanskrit,—,Noun,"Sky, ether, sun, atmosphere; heaven; celestial space"
ख,kha,Sanskrit,—,Noun,"the sun; the sky; heaven; organ of sense; city; field; zero (cypher); dot (anusvāra); cavity, hole, or aperture (esp. of the human body); wound; happiness; tale; action; knowledge; Brahman; the glottis; the tenth mansion from a constellation or the sun’s entrance into it"
खा,khā,Sanskrit,—,Feminine noun,"a well, fountain; river; Pārvatī; the earth; Lakṣmī; speech"
खानि,khāni,Sanskrit,"From खन (khana, “to dig”)",Noun (feminine ā-stem),"A cave; a mine, especially one rich in jewels or minerals."
खञ्जेन,khañjena,Sanskrit,khañja (खञ्ज),instrumental singular (masc./neut.),by / with / through one who is lame; by means of defective movement; instrumentally “by the lame one”
खेरः,kheraḥ,sanskrit → later indo-aryan,खेर (khera),masculine noun,refuse; discarded material; worthless thing; trash; also a tree (acacia catechu) or village in older usage
खिन्,khin,Sanskrit,√khin (खिन्),Verb Root,"To be weary, to be dejected, to be fatigued"
खिण्ण,khiṇṇa,Prakrit,√khid,Past Participle (PPP),distressed; afflicted; depressed; sorrowful; weary; exhausted; worn down
खोः,khoḥ,Sanskrit,ख (kha),Genitive / Locative Dual (archaic contraction of khayoḥ),of the two skies; in the two skies; of or in the two spaces
खुमुकौ,khumukau,Sanskrit,khumuka (खुमुकः),Masculine Dual (-au),Two pigs; the two hogs.
किइ,kii,Prakrit,kṛti (कृति) < √kṛ,Feminine noun,Deed; act; action; work; creation; accomplishment
किञ्चित्,kiñcit,Sanskrit,kim + cit,indeclinable pronoun / adverb,"something; a little; somewhat; anything at all,"
कोचौ,kocau,Sanskrit,कोच (koca) ← √कुच् (√kuc),Nominative / Accusative / Vocative Dual (Masculine a-stem noun),Two dryings; two witherings; two instances of desiccation
कोचय,kocaya,Sanskrit,"√kuc (कुच्) – to contract, shrink","Verb – Causative, 2nd person singular imperative","Cause to contract, cause to shrink, cause to become small"
कोण,koṇ,Marathi,Indo-Aryan ka,Interrogative pronoun,who; which person
कोण,koṇa,Sanskrit,(from kuṇ/kar),masculine noun,corner; angle; edge; musical stick; Mars; Saturn; intermediate compass point
कोणौ,koṇau,Sanskrit,"कोण (kona) – angle, corner, tip","Noun (Dual, Nom./Acc./Voc.)","Two corners, two angles, two tips"
क्षी,kṣī / sai,Sanskrit,क्षी (kṣī),Root verb,to waste away; to decline; to diminish; to wane
कुहौ,kuhau,Sanskrit,√kuha (कुह),Noun – Dual (Masc./Neut.),The two deceivers; a pair of fraudulent or deceitful ones
कुहोः,kuhoḥ,Sanskrit,√कुह् (kuh),Genitive dual,of the two rogues; of the two deceivers
कुई,kui,Marathi,Onomatopoetic (sound imitation),Noun / Interjection,Shrill or wailing cry; the cry of a jackal; also a sharp lamenting call in poetry
कुजरा,kujara,Prakrit / Regional Sanskrit,कुञ्जर,Variant noun form,Variant pronunciation of kuñjara (elephant; temple type)
कूण्,kūṇ,Sanskrit,√kūṇ (कूण्),"Verb Root, Class 10 (Parasmaipada / Ātmanepada)",To contract; to close; to speak; to converse
कुञ्जर,kuñjara,Sanskrit (Classical),—,Masculine noun,Elephant; pre-eminent; number eight; a temple type
कुय,kuya,Prakrit,"from Sanskrit kuj (to utter a cry, esp. of a bird)",Verb root,to cry out; to coo; to caw or call as a bird (esp. a crow or pigeon)
लोकान्,lokan,Prakrit,लोक (loka),accusative plural (spoken form),worlds; realms; domains of experience; planes of existence (often sensory or inhabited realms)
लोकौ,lokau,Sanskrit,loka,Noun (Dual),"The two worlds; realms, planes"
माच,māca,Sanskrit,मच् (√mac),Masculine Noun,"Path, road, track; a way or route of movement"
मच्च,macca,Prakrit,Skt. mad / martya,masculine noun,Mortal; human being; one subject to death.
मच्च,macca,Prakrit,—,masculine noun,A man; a person (Prakrit form corresponding to Sanskrit martya).
मच्छेण,maccheṇa,Prakrit (Ardhamāgadhī-type),मच्छ ← मत्स्य (matsya),Instrumental singular,"by / with / through the fish; by means of the fish; using a fish (ritual, literal, or symbolic)"
महान,mahān,Marathi (from Sanskrit),महत् (mahat),Adjective,"great, large, mighty, important, eminent"
मइ,mai,Prakrit,√स्मर् (smṛ),Noun / Past Participle,Remembrance; memory; the act of recalling or keeping in mind. Derived from Sanskrit स्मर (smṛ).
माई,māī,Marathi,—,Noun (Honorific / Familial),Mother; a respectful or affectionate term for one’s own mother or an elderly maternal figure.
माईक,maika,Marathi (colloquial),māyika (मायिक) < māyā,Adjective (non-standard pronunciation),Illusory; deceptive; fraudulent; colloquial contraction of māyika
मखौ,makhau,Sanskrit,makh-,"Masculine a-stem noun, nominative/accusative/vocative dual",Two sacrifices; ritual offerings; acts of worship
मखिन्,makhin,Sanskrit,"मख (makha, “sacrifice, ritual”)","Noun (masculine in-stem, agent noun)",A sacrificer; one who performs the sacrifice
माकी,mākī,Sanskrit,—,"Noun (dual, feminine)",Heaven and Earth; the two great ones 
मञ्जुन,manjun,Sanskrit,मञ्जु (manju),Adjectival derivative,"Beautiful, pleasing, charming; derived form of manju meaning gentle or lovely in sound, form, or manner"
मारद,mārada,Sanskrit,"māra (मार, “death”) + da (द, √dā “to give”)",Neuter noun,Flesh; meat
मारद,mārada,Sanskrit,"māra (मार, “death”) + da (द, √dā “to give”)",Bahuvrīhi compound (adj.),Death-giving; destructive
मऊ,mau,Marathi,—,Adjective,"Soft, mild, placid, gentle; used for texture, tone, temperament, or atmosphere."
मौ,mau,Sanskrit,म (ma),Nominative / Accusative / Vocative Dual (Masculine),"two times; two poisons; two magical formulas; two moons; two sovereign beings (Brahman, Viṣṇu, Śiva, Yama); two syllabic feet (ma-gaṇa)"
माया,māyā,Sanskrit,√मा (mā),feminine noun,"deceit, fraud, trick, artifice; jugglery, enchantment; illusion produced by skill, magic, or contrivance"
मायिन्,māyin,Sanskrit,"√माय् (māy) — “to measure, to form, to create illusions”",Masculine noun / agent noun,possessor of Māyā; magician; illusion-maker; deceiver; creator of appearances
मेघे,meghe,Sanskrit,मेघ (megha),Locative singular noun,in / on / at the cloud
मेके,meke,Sanskrit,"मेक (meka, ram/goat/sheep)",Noun (Locative Singular),"In/at/on the ram, sheep, or goat"
मोच,moca,Sanskrit,√muc,noun (masculine),Tree (specifically Baheda or Terminalia belerica)
मोहौ,mohau,Sanskrit,√muh,"masculine noun, dual (nominative / accusative)","the two hallucinations; two states of mental obscuration arising from confusion or ignorance, characterized by loss of clear perception, mistaken judgment, false attachment, or infatuation; a paired condition of bewilderment that prevents discernment of truth and binds the mind to error, illusion, or misplaced affection"
मोहौ,mohau,Sanskrit,√मुह् (muh),Nominative / Accusative / Vocative Dual Masculine (a-stem),Two swoons or losses of consciousness; two states of perplexity or delusion; two forms of folly or ignorance; two errors or mistakes; two states of astonishment; two afflictions; two magical delusive arts; two mental delusions preventing discernment of truth; two attachments born of illusion.
मोक,moka,Sanskrit,√muc (मुच्),"Noun, neuter",A pupil; a student; one under instruction
मोकौ,mokau,Sanskrit,√muc (मुच्),Neuter noun — Nominative / Accusative Dual,"The two pupils / students; the two cast-off skins (dual), context-dependent"
मुह्,muh,Sanskrit,√मुह्,"Verb root (4th class, Parasmaipada), causative √मोहय","To faint, lose consciousness; to be bewildered, confused, or perplexed; to be foolish; to err or fail. Causative: to stupefy, confuse, delude, cause to err."
मुहुकैः,muhukaiḥ,Sanskrit (Vedic/Classical),मुहुक (muhuka),Instrumental Plural (Neuter a-stem noun),By moments; with instants; through brief moments
मूकौ,mūkau,Sanskrit,मूक (mūka),"Noun, nominative dual",Two mute ones; the two silent ones
मुखौ,mukhau,Sanskrit,√mukh,"Noun, dual nominative",Two mouths
मुण्,muṇ,Sanskrit,√muṇ (मुण्),"Verb Root, Class 6 (Parasmaipada)",To promise; to vow; to pledge
ण्,ṇ,Sanskrit,—,Grammatical augment / connector,Spoken hyphen; linking augment inserted between sounds or words (P. VIII.3.32)
न,na,Sanskrit,—,Indeclinable particle,"Not, no, negation"
नाद,nāda,Sanskrit,√nad (नद्),Noun – Masculine,"Loud sound, roar, cry, reverberation; mystic tone; sometimes linked to semi-circular resonance or cosmic arc"
नादर,nādara,Sanskrit,na (न) + ādara (आदर),masculine noun,"disrespect; lack of regard, honor, or attention"
नह्,nah,Sanskrit,√nah (नह्),Verb Root,"To bind, to fasten, to tie, to harness"
नहन,nahana,Sanskrit,√nah (नह्),Noun (derived from verb root),"Binding, tying, restraint; a bond or act of fastening or covering"
नह्य,nahya,Sanskrit,√nah (नह्),Verb (2nd person),you tie / you bind
नैण,naina,Prakrit,"नयन (nayana, Sanskrit)",Noun,Eye; sight; vision
णी,nainī,Prakrit,"From Sanskrit नयनी (nayanī, “having eyes”)",Noun / Adjective (feminine),Having eyes; eyed; one who possesses sight (often used poetically for a female figure or watcher).
नैय,naiya,Prakrit,Sanskrit √nād / √nad (नाद्),Noun / Verb (Prakritized),"Sound, noise, echo; to reverberate, to make a loud sound"
नक,naka,Sanskrit,from √नङ्क् / nāka (ancient Vedic noun with no productive root),Masculine noun,sky; heaven; the highest heaven; the celestial realm
नकार,nakāra,Marathi,na (“no”) + kāra,masculine noun,denial; refusal; rejection; disallowing; declining; the act of refusing; the marking of a rejected draft or bill
नाकार,nākāra,Marathi,—,masculine noun,refusing through disapproval; rejecting; declining; disallowing
नाकारा,nākārā,Marathi,—,adjective,bad; worthless; useless
नक्की,nakkī,Marathi,nakī (नकी),Adjective / Adverb,"Exact, definite, certain; fixed, settled; surely, indeed, precisely; correct, true"
नना,nanā,Sanskrit (Vedic),nanā,Feminine Noun,1) Speech; 2) Mother; 3) Daughter
नाना,nānā,Sanskrit,nānā,Adverb / Qualifier,"Various, diverse, distinct; used to denote separation, plurality, or difference"
ननु,nanu,Sanskrit,na + nu,indeclinable particle,"particle used for interrogation (“is it not?”), affirmation (“surely,” “indeed”), polite request (“please,” “pray”), mild vocative address (“O”), objection or contrast (“but,” “however”), and assent in dialogue (“yes, indeed”)."
नरे,nare,Sanskrit,नर (nara),Locative singular,"In / on / at the man, horse, or water."
नव,nau,Sanskrit,—,Cardinal Number,"The number nine (9); symbol of completion, finality, or fullness in many Vedic contexts"
नौका,nauka,Sanskrit,नउ (nau),Noun (feminine),"Boat, ship, or vessel; often symbolic of passage, crossing, or conveyance—used in Vedic and poetic texts to signify spiritual crossing, journey, or refuge."
नौका,naukā,Sanskrit,√नु (nu) + kā (suffix)*,Feminine noun,boat; small boat
नौकौ,naukau,Sanskrit,√nū,"Noun (feminine, dual)","Two boats, pair of boats"
नौके,nauke,Sanskrit,"From naukā (नौका, boat, vessel)",Noun – Nominative/Accusative dual (feminine ā-stem) or Vocative singular,The two boats; the two vessels; vocative: “O boat!” (In canon: the two Emissaries).
नौर,naur,Sanskrit / Prakrit,√नु / नौ (nau),Noun (oblique form),"Boat, ship, vessel; by extension, a carrier, vehicle, or means of passage"
नौर्‍णो,naurṇo,Prakrit (Sanskrit influence),नौ (nau),Nominative singular (masculine),The boat; the vessel
नय्,nay,Sanskrit,नय् (√naya),Verb (1st class Ātmanepada),"To go, move; to protect, preserve, defend, to send forth"
नय,naya,Sanskrit,√nī (नी),Noun – Abstract/Substantive,"Leading, guiding, conduct, policy; act of bringing or directing"
नयन,nayana,Sanskrit,√नी (nī — “to lead”),Noun (neuter),"Eye; the organ of sight; also metaphorically “vision,” “seeing,” or “guidance”"
नयनिर्नौके,nayanirnauke,Sanskrit,"नयन (nayana, eye) + निर् (nir-, without) + naukā (नौका, boat, vessel)",Compound noun – Nominative/Accusative dual (feminine ā-stem),The two sightless boats or vessels (in canon: the two sightless Emissaries).
नायिकौ,Nayikau,Sanskrit,नायिका (nāyikā),Feminine noun – Nominative / Vocative Dual,Two heroines; two mistresses
ने,ne,Sanskrit,"√नी (nī, to lead, carry, take)",Verb form (perfect / imperative in some contexts),He/She/It has led; has carried; or (as imperative) “Lead!”
णे,ṇe / nye,Prakrit,नय (naya),Verb / Inflected form,"To lead, guide, direct; to take or carry (context-dependent)"
णेहे,ṇehe,Prakrit,ṇeha (≤ Skt. sneha),Locative Singular (masc. a-stem); also Accusative Plural in some Prakrit paradigms,"In / within affection, attachment, tenderness (loc. sg.); affections, attachments (acc. pl., context-dependent)"
नेक,nēka,Marathi,nek (loan),adjective,virtuous; honest; upright; faithful; morally good (of a person or an action)
नेकया,nekayā,Marathi,नेक (neka),Dative Singular,to the good one; for the virtuous or upright one
नेकाया,nēkāyā,Marathi,नेका (neka),Dative singular (f./m.),To/for the virtuous person; to/for the righteous action
नेके,neke,Marathi,नेक (neka),Plural,virtuous ones; good people; those who are righteous
नेक्की,nekki,Prakrit / Vernacular,nīti (नीति) – conduct,Noun – Feminine,"Uprightness, moral virtue, good conduct"
नेल,nela,Prakrit,an-enas (अन+एनस्),Adjective,"Pure, unstained, without fault — especially used for pure speech or faultless sound."
नेणणे,nēṇaṇē,Marathi,नेण- (negative stem of “to know”),Verb (infinitive),to not know; to be ignorant of; to fail to understand
नेने,nene,Marathi / Prakrit,"√नी (nī, to lead, carry, take)",Verb form (past/habitual/imperfect),Took; carried; led; used to take.
नेणी,nēṇī,Marathi,Prakrit diminutive form (neṇī),Noun,small pot; small container; tiny vessel often used as an oil lamp
नेर,nera,Marathi,नेर (nera),Noun,"Dust, scraps, waste; refuse matter"
णेय,ṇeya,Prakrit,√णइ (Skt. √नी),Gerundive / Passive Participle,"To be led, guided, conducted; one who should be guided or protected."
निचेरून्,nicerūn,Sanskrit,निचेरु (niceru),Accusative plural (u-stem adjective),"Gliding, creeping, slipping; those who move quietly"
नीड,nīḍa,Sanskrit,√nīḍ (नीड्),Noun,"Nest; a resting or dwelling place for birds; by extension, a shelter or habitation."
निघ्नान,nighnāna,Sanskrit,"√han (हन्) — “to strike, kill”",Agentive Participle / Adjective,One who destroys; destroyer.
निः,nih,Sanskrit,निः (from prefix ni),Indeclinable Prefix (upasarga),"Out, forth, away; without, devoid of; down, completely, thoroughly. Used before voiceless consonants and in compounds."
निह्,nih,Sanskrit,"From √han (to strike, kill)",Noun (masculine),"Slayer, killer; one who strikes down. Also “expelled, driven out.” (Vedic usage)."
निः,niḥ,Sanskrit,niḥ (prefix),Indeclinable prefix,"Out of, away from, without; used to express removal, absence, separation, or intensification"
निःनि,nihni,Sanskrit,niḥ (निः) + ni (नि),Compound / Prefix + Root,“To send out/down completely”; “to remove entirely”; can also mean “utterly devoid of” depending on context.
निक,nika,Prakrit,—,Noun / Root,"Desire, longing, yearning; a feeling of wanting or wishing for something."
नीण,nīṇa,Prakrit (with Sanskrit influence),"√nī (to lead, guide, carry)",Past participle / adjectival form,"Led, brought, carried, conducted. Attested in Middle Indo-Aryan inscriptions and texts as a descriptor of something/someone moved or guided from one location to another."
नीनौ,ninau,Sanskrit,"√nī (नी) – to lead, carry, bring",Nominative Dual (Masculine/Neuter),The two led; the two brought; the two guided
निनौ,ninau,Sanskrit,√nin (निन्),Nominative / Accusative / Vocative Dual,"Two who have left, departed, or withdrawn"
णोहो,ṇohāo,Prakrit / Marathi,णोहा (ṇohā) < Skt. snuṣā,Dual (nom./acc./voc.),Two daughters-in-law
नोका,noka,Marathi,"Sanskrit root noka / nakha (point, tip)",Noun (feminine),"point; sting; beauty; moral or central feature; particular excellence or air; innuendo, hint, or slight insinuation"
नृ,nṛ,Sanskrit,— (from PIE h₂ner-),Noun,"Man, person, mankind, leader."
नॄ,nṝ,Sanskrit,√नॄ (nṝ),Verb root (Parasmaipada),"To bring to, to lead."
नु,nu,Sanskrit,√नु (nu),Verb root / Onomatopoeic,"To roar, to praise, to bellow (as thunder, lion, or war cry)"
णूण,nuna,Prakrit,न्यून (nyūna),Singular nominative,The wicked one; the deficient one
नुनौ,nunau,Sanskrit,√nud (नुद्),"Verb – 3rd person dual, perfect tense",The two pushed / expelled
नुनौ,nunau,Sanskrit,"nyūna (न्यून) – deficient, lacking",Adjective – Dual form,The two deficient ones; an imperfect or lacking pair (possibly male and female)
नुणो,nuno,Prakrit,न्यून (nyūna),Adjective (Masc. Nom. Sing.),"Wicked, vile, defective, deficient, morally corrupt, lacking; masculine singular form of nuna, derived from Sanskrit nyūna"
णूणो,nuno,Prakrit,nyūna (न्यून),Plural Nominative,The wicked ones
नयनेन,nyanena (properly nayanena),Sanskrit,नयन (nayana),Instrumental Singular (neuter),By / with / through the eye; by means of sight or vision
न्यारा,nyārā,Marathi,—,Adjective,"Separate, unique, distinct"
न्ये,nye,Sanskrit,"from √nī (to lead, carry, bring)",Verb root (in compounds or causative),"to fall; to be led or carried down; to descend into or toward (a state, place, or condition)"
ओ,o / oh,Sanskrit,—,Interjection / Particle,"A vocative exclamation; used to call attention, express emotion, or invoke someone. Similar to “O!” or “Oh!” in English."
ओइ,oi,Sanskrit (onomatopoetic / phonetic),—,Indeclinable sound / exclamation,"An interjection or exclamatory particle; used vocally to express calling, attention, or emotional emphasis — similar to “O!” or “Hey!” in English."
ओजः,ojo,Sanskrit,ójas,"Noun (masculine/neuter, nominative singular)","Vigour, strength, vital energy, appearance, bodily luster"
ओक,oka,Sanskrit,√उच् (uch) — to dwell,Noun,house; refuge; shelter; bird; a Śūdra
ओक,ōka,Marathi,—,Feminine noun,"Vomit, the matter thrown up"
ओका,ōkā,Marathi,—,Adjective,"Bare, naked, void, lacking usual ornaments or accomplishments"
ओकौ,okau,Sanskrit,ओक (oka),Nominative / Accusative / Vocative Dual (Masculine),two houses; two refuges; two shelters; two dwellings; two birds; two Śūdras
ओण्,oṇ,Sanskrit,√ओण् (Oṇ),"Verb root (Class 1, Parasmaipada)","to remove, take away, drag along, abstract"
ओरा,ōrā,Marathi,—,masculine noun,sudden surge or rush of water; rapid influx or runoff
ओए,oya ,Prakrit,from Sanskrit ओघ (ogha) or ओजस् (ojas) depending on context,Noun / Interjection,"Depending on derivation: (1) Flood, stream, multitude (ogha); (2) Vitality, vigor, energy (ojas)."
ओयर,oyara,Prakrit,avatāra (अवतार) – Sanskrit,Noun,"Descent, incarnation; especially of a deity — “avatar”"
रदः,radaḥ,Sanskrit,√rad (रद्),"Noun – Masculine, Nominative Singular",A tooth; a tusk; a biting tooth-like structure
रदौ,radau,Sanskrit,√रद् (rad) — to bite,Noun (masculine dual),the two tusks; a pair of teeth
राधा,Rādhā,Sanskrit,√radh (रध्),Proper noun / Feminine name,"The one who is successful, accomplished, or brings fulfillment; beloved consort of Krishna"
राधे,Radhe,Māhārāṣṭrī Prakrit (from Sanskrit राधेय),Rādhā + -eya,Vocative singular (masculine epithet),O Radhe!; address for the son of Rādhā (Karna); the -ya suffix dropped in Prakrit speech simplification
राधे,Rādhe,Sanskrit,√rādh (राध्),Vocative (feminine),O Radha! (vocative case)
रह्,rah,Sanskrit,√rah (रह्),Verb Root (Parasmaipada),"To quit, leave, abandon, forsake; to keep away from, avoid."
राजा,rājā,marathi,from sanskrit rājan,masculine noun,king; ruler; monarch
रारड,rarada,Marathi,rāra (रारा),Noun,"Loud wailing, shrieking, tantrum-level crying or lamenting"
रारयोः,rārayoḥ,Sanskrit,रारा (rārā),"Genitive / Locative dual (fem. ā-stem, derived proper noun)","of / in the paired Rārā-domain(s) — a dual locus, jurisdiction, or authority derived from the name Rādhā; not two persons, not an attested alternate personal name"
रौ,rau,Sanskrit,√ra / √rā / √ram (variously derived),"Masculine a-stem, dual",two fires; two heats; two desires; two speeds (dual of ra in all its noun senses)
रयीन्,rayīn,Sanskrit (Vedic),रयि (rayi),accusative plural (m./n. i-stem),"waters; wealths; stores of wealth; materials; substances; resources; embodied provisions or energies as objects taken, bestowed, infused, or acted upon"
रेडा,reḍa,Marathi,"native Marathi root, possibly from Dravidian substrate or expressive origin",Noun,exuberance; excess; glut; superabundance; an overflowing or overfull state
रेडे,reḍe,Marathi,रेडा (reḍa),Noun (plural),Male buffaloes.
रेरे,rere,Marathi,rare (ररे),Feminine noun / Verb (kara),"Crying or piping, especially childishly or meanly; figuratively, to lose heart or draw back from faintheartedness; also to dawdle along in one’s work complainingly; as a verb (kara), to cry out suddenly or sharply. (Molesworth: Marathi–English Dictionary)"
रुदौ,rodau,Sanskrit,"√rud (रुद् — to weep, cry, lament)",Nominative / Accusative / Vocative dual (Agentive noun),Two who wail or lament; two mourners
रोधौ,rodhau,Sanskrit,रोध (rodha),Dual (nom./acc./voc.),Two obstacles; two hindrances
रोदो,rodo,Sanskrit,√rud (रुद्),Noun – Agentive / Masculine,"One who wails or laments; a mourner, lamenter"
रोहन्,rohan,Sanskrit,√ruh (रुह्),Present Participle (Parasmaipada),Rising; growing; ascending; mounting; one who climbs.
रोकौ,rokau,Sanskrit,"From roka (light, hole, boat, movement)","Noun (dual, nominative/accusative)",Two lights; two boats/ships; two holes/chasms; two moving or shaking ones (depending on context).
रुह्,ruh,Sanskrit,√रुह् (ruh),Verb root (Ātmanepada),"To spring up, grow, arise, ascend, or shoot forth."
रुई,rui,Marathi,—,Noun,A large antelope; also used for large deer-like animals or game in regional speech
रुङ्,ruṅ,Sanskrit,√ruj,Root (used in compounds),"to break, injure, pain, hurt"
रुङ्,ruṅ,Sanskrit,√रुज् (ruj),Verbal Root (used in compounds),"to break, injure, damage, cause pain"
रुण्दन्,rundan,Sanskrit,√rud,Present participle (masculine nominative singular),"Weeping, crying, lamenting"
शक,saka,Sanskrit,शक् (śak),Verb root,to be able; to be capable; to have power
संघौ,samghau,Sanskrit / Prakrit,√saṁgh (saṁgha),Noun – Dual (Nom./Acc.),Two assemblies / two congregations
संघौ,saṃghau,Sanskrit,"संघ (saṃgha) — “assembly, group, host, union”",Dual form (nominative/accusative/locative),"Two groups, two assemblies, or two hosts."
संघौ,saṃghau,Sanskrit,√saṃgh,"Noun, nominative/accusative/vocative dual","Two assemblies, two gatherings, two unions, or two groups"
सङ्घे,saṁghe,Sanskrit,सङ्घ (saṁgha),Locative Singular (noun),In the assembly / within the group
शन्,śan,Sanskrit,√śan,Verb root (Class 1/8 hybrid attested),to love; to like; to worship; to honor; to acquire; to obtain; to receive graciously; to give; to bestow; to distribute
शन्,śana,Sanskrit,√śan,"Verb — 2nd person singular, imperative (loṭ), parasmaipada",gain! acquire! receive! accept! bestow! honor!
शण्डी,ṣaṇḍī,Sanskrit,√ṣaṇḍ (शण्ड),feminine noun,female eunuch; third-sex individual
शरदा,śaradā,Sanskrit,śarad,feminine noun,autumn; a year
शारद,śārada,Sanskrit,śarad,adjective,"autumnal; annual; new, recent; young, fresh; modest, shy; diffident; able, clever"
शारदः,śāradaḥ,Sanskrit,śarad,masculine noun,a year; an autumnal sickness; autumnal sunshine; a kind of kidney bean; the Bakula tree
शर्मक,Śarmaka,Sanskrit,शर्म (śarma),"Noun (masculine plural, ethnonym)","Name of a people or tribe mentioned in the Mahābhārata. Derived from śarma meaning “peace” or “protection,” the term denotes “the Śarmaka people.”"
शय,śaya,Sanskrit,"From √शी (śī, “to lie down, rest”)",Noun,"1) Sleep, lying down, bed, couch; 2) A snake (esp. boa constrictor, per lexicographers); 3) Hand; 4) Abuse, curse; 5) A stake."
शे,śe,Sanskrit,√śī (शी),"Present tense, 1st person singular, Ātmanepada","I lie, I rest, I recline"
सेके,seke,Sanskrit,√sic (सिच्),Locative Singular of Masculine Noun,"“In the sprinkling,” “upon the pouring,” “in the libation.”"
सेकी,sekī,Sanskrit,√sich (सिच्),Feminine agent noun,She who sprinkles; libator
शेम,śem,Prakrit,"From Sanskrit शत (śata, “hundred”)",Numeral,One hundred (100).
सेमा,sēmā,Marathi,Prakrit sema / seyam,Noun,prosperity; safety; welfare; well-being
सेण,sen,Prakrit,śyena (श्येन),Noun (masculine),"Hawk, falcon, raptor"
सेण,seṇa,Prakrit,"from Sanskrit sena (√sī “to bind, hold together”)",Noun,"Army, troop, band; also figuratively a company, following"
शेन,śēna,Marathi,śyena,Noun (masc.),"hawk, falcon"
शेष,śēṣa,Sanskrit,√śiṣ (to remain),masculine noun,"Śeṣa; the king of the serpent-race, depicted as a vast thousand-headed serpent who serves as both couch and canopy of Viṣṇu, and as the upholder of the world, which rests upon one of his heads"
शेषानाम्,śeṣānām,Sanskrit,शेष (Śeṣa),Genitive Plural (masculine),of the Serpents Śeṣa (of the Śeṣas)
शेषे,śeṣe,Sanskrit,śiṣ (to remain),Locative singular (masculine a-stem),in Śeṣa; upon the thousand-headed cosmic serpent; within Śeṣa
शेषेण,śeṣeṇa,Sanskrit,शेष (Śeṣa),Instrumental Singular (masculine),"By, with, or by means of the Serpent Śeṣa (Ananta Śeṣa, the cosmic serpent)"
शेष्यम्,śeṣyam,Sanskrit,शेष (śeṣa),Neuter accusative singular (gerundive derivative),That which is to be left; remaining; remainder
शिङ्गे,śiṅge,Sanskrit,śiṅga,locative singular (masculine a-stem noun),"in the tree; in the youth (kiśora); in Śiṅga (personal name), context-dependent"
शिङ्घ्,śiṅgh,Sanskrit,√शिङ्घ्,Class 1 Parasmaipada verb,to smell; to sniff; (with upa: to kiss)
सुचौ,sucau,Sanskrit,√सूच् (sūc),"Verb (3rd person dual, Ātmanepada)",the two indicate; the two gesture or reveal; the two pierce or see with insight
सुर,sur,Marathi,from Skt. sura (सुर),Noun,"Voice, melody, musical note, or divine harmony; a tone expressing alignment or resonance"
शूर्,śūr,Sanskrit,√śūr,"Verb, 4th class Ā (śūryate)",to hurt; to kill; to be firm
शूर्,śūr,Sanskrit,√śūr,"Verb, 10th class Ā (śūrayati-te)",to be valiant; to act heroically; to exert force
सुरसुर,surasura,Prakrit,sura + asura (Prakrit forms),Compound noun,Suras and Asuras; the divine beings and their opposing beings
श्यामक,syāmaka,Sanskrit,"syāma (dark, dusky)",Masculine noun,A kind of grain; millet (Panicum frumentaceum)
श्येनेन,śyenenā,Sanskrit,श्येन (śyena),Instrumental Singular,"by the hawk; with the falcon; through the eagle — symbolically, by the divine messenger"
तय्,tay,Sanskrit,तय् (√tay),Verb (1st class Ātmanepada),"To guard, protect, preserve; to extend, spread out, expand"
ते,te,Sanskrit,—,"Pronoun (2nd person, instrumental, Vedic/poetic)",with you; by you
टेके,teke,Sanskrit (canon),Teka,Locative singular (masculine a-stem),in Teka; within Teka; upon the Demon Teka
ति,ti,Sanskrit,√ti,"Verb Root (Class 1, Parasmaipada)",To make wet; to moisten; to dampen.
ति,ti,Sanskrit,√ti,"Verb Root (Class 4, Parasmaipada)","To become wet; to become quiet, tranquil, or calm."
टिकी,ṭikī,Marathi,—,Feminine noun,A job; an occupation; a means of livelihood/employment.
तोकौ,tokau,Sanskrit,toka (तोक),Noun (masculine) – nominative dual,Children; sons; young ones; offspring; descendants (esp. in poetic or Vedic use)
टोकौ,ṭokau,Prakrit / Marathi,टोक (ṭoka),Noun (Plural / Diminutive),"Children; little ones; offspring. Also: a sharp remark or interruption, depending on context."
तोतन,toṭān,Prakrit,"तोत (toṭa, “small; little”)",Accusative plural,the small ones; the little ones
टोटौ,totau,Sanskritized (from Prakrit/Marathi),टोट (tota),Dual (nom./acc./voc.),Two small ones; two little ones
तु,tu,Sanskrit,— (indeclinable particle),Indeclinable,"But, however, on the contrary"
तुन्,tun,Sanskrit,√तुन्,"Verb root (8th class, Parasmaipada)",to make crooked; to deceive; to mislead; to distort
तुण्,tuṇ,Sanskrit,√tuṇ (तुण्),Verb Root (Class 6 P),"To curve, bend, make crooked; to act fraudulently; to deceive; to be crooked"
तुङ्गउ,tungau,Prakrit / Sanskritic hybrid,"from Sanskrit tunga (high, elevated, chief, noble) + dual suffix -u",Dual Nominative,the two chiefs; the two exalted ones; the pair of leaders
उज्जयिनी,Ujjayinī,Sanskrit,"√ji (to conquer, overcome)",Proper noun (feminine),"Ancient city in Madhya Pradesh, historically known as the capital of Avanti; name means “the victorious one” or “she who has conquered.”"
उंघइ,uṃghai,Prakrit,From uṃgha ← Skt. nidrā,Verb – Present 3rd person singular,He/She/It sleeps; falls asleep; dozes.
ऊन्,ūn,Sanskrit,√ūn,Verb Root (Class 10 P),"To decrease, deduct, detract; to mete out in small amounts, to measure."
उन,una,Prakrit,"From Sanskrit ऊन (ūna, “deficient, lacking”)",Adjective / Noun,"Deficient, lacking, less; by extension at fault, guilty"
उणौ,unau,Prakrit,√tīkṣṇ (तीक्ष्ण),Adjective – Dual form,The two clever ones; sharp or intelligent individuals
उनौ,unau,Sanskrit,√un (उन्),Adjective – Dual (Masc./Neut.) Nom./Acc.,The two lacking; a deficient pair; two incomplete ones
उञ्छौ,uñchau,Sanskrit,"uñch (to glean, gather)",nominative / accusative / vocative dual (masculine a-stem: उञ्छः),two gleaners; two acts of gleaning; two instances of gathered grain
उन्द्,und,Sanskrit,"√und (to wet, moisten)",Verb Root,"To wet, moisten, sprinkle, drench"
उण्डुक,uṇḍuka,Sanskrit,"√uṇḍ (retroflex, medical/folk root)",Masculine Noun,"1. A species of leprosy; 2. A texture, net; 3. The stomach"
उन्दुकौ,undukau,Sanskrit,"From उन्दुक (unduka, “rat, mouse”)",Masculine Noun (Dual),"Two rats, two mice (vermin)"
उण्डुकौ,uṇḍukau,Sanskrit,"From उण्डुक (uṇḍuka, “leprosy, stomach, net”)",Masculine Noun (Dual),1. Two cases of leprosy; 2. Two stomachs; 3. Two nets/textures
उण्डुकौ,uṇḍukau,Sanskrit,—,"masculine noun, dual (nominative / accusative)", two instances of a species of leprosy; two textures or nets; two stomachs
उर्,ur,Sanskrit,√ur (उर्),Verb Root (Sautra),"To go, to move, to proceed"
उवन्,uvan,Sanskrit,√वन् (van),Agent noun / past participle,"One who has gained, won, or attained"
वाय,vāya,Sanskrit,√ve (वे),Noun (masculine),"Weaving; a weaver; a thread or strap; also, a patronymic for a bird (esp. crow)."
वयिन्,vayin,Sanskrit,"√वि (vyā / vay) — “to weave, to plait”",Adjectival derivative / agent noun,"Weaving, sewing; one who weaves or sews."
वेंटे,vēṇṭe,Marathi,vēṇṭa,plural direct (nominative) noun,"Twists; coils; windings; contortions—especially of grass, rope, or bowels; plural form indicating multiple tight twists or constrictions"
वेरद,verada,Prakrit,From Sanskrit vaira (वैर) “enmity”,Masculine Noun,"1. Earthworm; 2. Hostility, enmity"
विरहिन्,virahin,Sanskrit,"√rah (रह्) – to leave, abandon",Adjective,"Lonely, solitary, separated, deprived of companionship"
विरुदौ,virudau,Sanskrit,vi + √rud (रुद्),"Noun (masculine, nominative/accusative/vocative dual)","Two proclamations, eulogies, or public praises."
या,yā,Marathi,–या (–yā),Suffix (Genitive),A genitive suffix indicating possession; translates as “of” or “belonging to.”
यदर्थ,yadartha,Marathi,Skt. yad + artha,adverb / postposition,for that purpose; regarding that; concerning that
यम्,yam,Sanskrit,√yam,verbal root (1st class),"to govern, rein in, and control by restraint or guidance, as a rider governs horses"
यान,yāna,Sanskrit,√yā,Verbal Noun (lyuṭ),"going, moving, marching; invading, attacking, or retreating before an enemy; vehicle or conveyance"
यानानि,yānāni,Sanskrit (Prakrit: याणाणि yāṇāṇi),"√ya (to go, move)","Neuter Noun, Plural (Nom./Acc.)","Vehicles, carriages, chariots; journeys, movements; military expeditions"
यनौ,yanau,Sanskrit,√yana (यन्),Dual Nominative (Masc./Neut.),The two who march; the two who go forth; the twin voyagers or ones who move against
याने,yāne,Sanskrit,√यम् (yam),Locative singular (neuter a-stem),in the vehicle; within the carriage; in the conveyance
यनुण,yanuna,Prakrit,यनु (from Sanskrit यद्),Conjunctive / Optative Particle,"Suppose, rather, let it be so; conditional alternative"
Devanagari,Romanization,Language,Root,Grammatical Form,Definition
यारद,yārada,Marathi,—,Vocative,O small horse; O puny or sorry breed; O feeble or weak creature
यारदा,yāradā,Marathi,—,Noun (masculine),"small horse; a puny or sorry breed; used of horses, sometimes extended metaphorically. This term is often colloquially applied in Marathi to describe something feeble, weak, or of little worth — especially when referring to animals or sometimes people."
यरडाः,yaradāḥ,Sanskrit,√yarada,"Masculine Noun, Nominative Plural",Small horses (more than two)Low and small; of puny and sorry breed; fit only to carry burdens
यरादी,yāradī,Marathi,—,Noun,Hereditary assistant; hereditary office.
याराः,yārāḥ,Marathi,yara (from Persian),"Noun (masculine, nominative plural)",Friends
ये,ye,Sanskrit,यद् (yad),"Relative pronoun, nominative plural masculine","those who, they who, which ones"
येडा,yedā,Marathi,—,Adjective / Noun,mentally unstable; foolish; insane person
येन,yen,Sanskrit,यद् (yat),Instrumental singular (relative pronoun),"By whom, by which; through whom/which — poetic or archaic form of yena."
येऱ,yera,Marathi,—,Adjective / Pronoun,"Other, another, different."
यिनी,Yinī,Sanskrit (poetic abbreviation),√ji (to conquer),Feminine noun / short form,"Abbreviated form of Ujjayinī, “the victorious one,” referring to the city of Ujjain."
योन,yon,Prakrit,√yu (यु),Noun (contracted form),"Womb, origin, generative source; phonetic variant of yoni"
योनौ,yonau,Sanskrit / Prakrit,yona (from yavana),Plural Noun,Two Foreigners; beings of another race or species
योने,yone,Prakrit (from Sanskrit),√यु (Yū),Feminine noun (inflected),"Womb, origin, source, species"
यून्,yūn,Sanskrit,—,Adjective / Noun,Young; a youth or younger descendant (while the elder is still living).
युन,yuna,Sanskrit,√yun (यु),Noun (derived),"Band, cord, string; something that joins, binds, or connects"
युनौ,yunau,Sanskrit,yuna,Noun – Dual (Nom./Acc.),Two cords / Two bands / Two strings
यूनयोः,yūnoḥ,Sanskrit,"from yūna (neuter noun, from yūtha)",Dual Genitive,of the two cords; of the two bands or strings
ढ,ḍha,Sanskrit,— (onomatopoetic / nominal base),"Noun (masculine, singular)","Serpent; also a dog, drum, or imitative sound depending on context"
इने,ine,Sanskrit,इन (ina),Locative singular (masculine a-stem),In/on Ina; in the Lord; on the Sun
